gene	protein	site_position	residue	num_psms	num_peptides	best_delta_score	best_xcorr	best_expect	intensity_126_Oocyte_VI	intensity_127N_Egg	intensity_127C_St9	intensity_128N_St12	intensity_128C_St18	intensity_129N_St22	intensity_129C_St24	intensity_130N_St26	intensity_130C_St30	intensity_131N_St41	intensity_131C_St46
krt12.4.L	RefSeq:NP_001079845.1|krt12.4.L|XBmRNA73505|XBXL10_1g38948|GeneID:379535|Xenbase:XB-GENE-6255484	401	S	2	1	0.038	4.137	3.98e-05	5125.62	8348.08	14481.12	17496.08	20047.8	24005.21	29361.76	20585.35	19363.57	43530.54	20289.99
krt12.4.S	RefSeq:NP_001079456.1|krt12.4.S|XBmRNA79328|XBXL10_1g42200|GeneID:379143|Xenbase:XB-GENE-17330213	409	S	1	1	0.012	2.364	0.000244	21618.32	39293.66	30666.01	46949.68	60206.55	75705.99	97505.91	111048.07	122491.95	127426.66	236448.75
krt12.5.L	RefSeq:XP_018090182.1|krt12.5.L|XBmRNA73506|XBXL10_1g38949|GeneID:108700758|Xenbase:XB-GENE-17333623	413	S	2	2	0.113	3.885	5.55e-07	2888.09	17174.99	10655.59	7460.15	6037.3	6309.98	7483.37	6941.29	7151.78	20011.89	19391.91
krt12.5.L	RefSeq:XP_018090182.1|krt12.5.L|XBmRNA73506|XBXL10_1g38949|GeneID:108700758|Xenbase:XB-GENE-17333623	414	S	7	2	0.11	4.919	1.24e-09	7714.35	27543.87	36980.12	46704.7	26037.09	33871.54	33139.41	23591.09	18975.85	63289.91	23128.8
krt12.5.L	RefSeq:XP_018090182.1|krt12.5.L|XBmRNA73506|XBXL10_1g38949|GeneID:108700758|Xenbase:XB-GENE-17333623	415	S	3	2	0.134	4.265	2.64e-07	5776.18	33908.92	21009.88	14411.1	11203.73	11671.12	14459.45	12086.11	11338.52	70264.2	95795.54
krt12.5.L	RefSeq:XP_018090182.1|krt12.5.L|XBmRNA73506|XBXL10_1g38949|GeneID:108700758|Xenbase:XB-GENE-17333623	416	S	3	1	0.058	4.594	1.29e-07	28151.64	37642.52	40119.93	29695.26	25856.47	38962.75	51035.28	34247.38	35628.79	50009.9	22406.87
krt12.5.L	RefSeq:XP_018090182.1|krt12.5.L|XBmRNA73506|XBXL10_1g38949|GeneID:108700758|Xenbase:XB-GENE-17333623	417	S	5	1	0.066	4.919	1.66e-05	142951.28	162985.34	181058.64	163192.06	209960.28	220433.97	260688.62	146499.52	149694.2	199527.98	36335.28
krt12.5.S	RefSeq:XP_041433634.1|krt12.5.S|XBmRNA79329|XBXL10_1g42201|GeneID:398464|Xenbase:XB-GENE-1219328	415	S	1	1	0.089	3.474	1.08e-06	33918.52	26030.6	51420.99	40620.93	43302.5	55848.63	68941.53	73326.44	68377.35	35418.08	19885.21
krt12.5.S	RefSeq:NP_001082432.1|krt12.5.S|XBmRNA79330|XBXL10_1g42201|GeneID:398464|Xenbase:XB-GENE-1219328	415	S	1	1	0.089	3.474	1.08e-06	33918.52	26030.6	51420.99	40620.93	43302.5	55848.63	68941.53	73326.44	68377.35	35418.08	19885.21
krt12.5.S	RefSeq:XP_041433634.1|krt12.5.S|XBmRNA79329|XBXL10_1g42201|GeneID:398464|Xenbase:XB-GENE-1219328	416	S	8	2	0.245	4.631	1.26e-07	31409.85	34390.4	83138.61	89360.31	95942.31	97484.04	107442.5	102791.95	95802.37	155019.19	121417.39
krt12.5.S	RefSeq:NP_001082432.1|krt12.5.S|XBmRNA79330|XBXL10_1g42201|GeneID:398464|Xenbase:XB-GENE-1219328	416	S	8	2	0.245	4.631	1.26e-07	31409.85	34390.4	83138.61	89360.31	95942.31	97484.04	107442.5	102791.95	95802.37	155019.19	121417.39
krt12.5.S	RefSeq:XP_041433634.1|krt12.5.S|XBmRNA79329|XBXL10_1g42201|GeneID:398464|Xenbase:XB-GENE-1219328	417	S	4	1	0.036	3.904	5.14e-09	9549.85	7667.68	13712.27	7135.12	9427.34	9823.47	13898.6	16923.2	18944.44	41089.02	30655.82
krt12.5.S	RefSeq:NP_001082432.1|krt12.5.S|XBmRNA79330|XBXL10_1g42201|GeneID:398464|Xenbase:XB-GENE-1219328	417	S	4	1	0.036	3.904	5.14e-09	9549.85	7667.68	13712.27	7135.12	9427.34	9823.47	13898.6	16923.2	18944.44	41089.02	30655.82
krt12.5.S	RefSeq:XP_041433634.1|krt12.5.S|XBmRNA79329|XBXL10_1g42201|GeneID:398464|Xenbase:XB-GENE-1219328	418	S	2	1	0.045	4.345	8.2e-07	11644.76	15975.64	36181.1	55923.71	45207.98	83009.91	80754.59	25334.34	34057.22	57534.63	26513.7
krt12.5.S	RefSeq:NP_001082432.1|krt12.5.S|XBmRNA79330|XBXL10_1g42201|GeneID:398464|Xenbase:XB-GENE-1219328	418	S	2	1	0.045	4.345	8.2e-07	11644.76	15975.64	36181.1	55923.71	45207.98	83009.91	80754.59	25334.34	34057.22	57534.63	26513.7
krt12.5.S	RefSeq:XP_041433634.1|krt12.5.S|XBmRNA79329|XBXL10_1g42201|GeneID:398464|Xenbase:XB-GENE-1219328	419	S	1	1	0.085	3.868	2.24e-06	10964.51	9277.69	14524.91	12649.34	17856.64	18653.75	25716.77	32768.48	37866.91	168802.3	159373.56
krt12.5.S	RefSeq:NP_001082432.1|krt12.5.S|XBmRNA79330|XBXL10_1g42201|GeneID:398464|Xenbase:XB-GENE-1219328	419	S	1	1	0.085	3.868	2.24e-06	10964.51	9277.69	14524.91	12649.34	17856.64	18653.75	25716.77	32768.48	37866.91	168802.3	159373.56
krt18.1.L	RefSeq:NP_001080810.1|krt18.1.L|XBmRNA15659|XBXL10_1g8279|GeneID:380504|Xenbase:XB-GENE-6256523	17	S	3	1	0.275	3.024	2.38e-05	57013.34	29014.76	40752.52	36394.29	36631.29	49448.9	44700.49	54696.86	39531.37	36921.45	27902.45
krt18.1.S	RefSeq:NP_001082454.1|krt18.1.S|XBmRNA20448|XBXL10_1g10868|GeneID:398482|Xenbase:XB-GENE-6256308	386	S	2	1	1.189	3.37	8.06e-06	365.2	335.93	1006.88	404.71	379.54	535.23	1611.32	10340.67	15914.33	280451.85	442563.88
krt19.L	RefSeq:XP_018089754.1|krt19.L|XBmRNA73489|XBXL10_1g38937|GeneID:432054|Xenbase:XB-GENE-865962	33	S	5	1	1.141	3.435	1.67e-08	5897.16	10748.97	41694.07	17795.05	31074.74	21963.98	28713.77	22372.61	14213.95	10030.12	5512.55
krt19.L	RefSeq:NP_001084992.1|krt19.L|XBmRNA73490|XBXL10_1g38937|GeneID:432054|Xenbase:XB-GENE-865962	33	S	5	1	1.141	3.435	1.67e-08	5897.16	10748.97	41694.07	17795.05	31074.74	21963.98	28713.77	22372.61	14213.95	10030.12	5512.55
krt19.S	RefSeq:XP_018093130.1|krt19.S|XBmRNA79319|XBXL10_1g42192|GeneID:779233|Xenbase:XB-GENE-17334583	33	S	5	1	1.141	3.435	1.67e-08	5897.16	10748.97	41694.07	17795.05	31074.74	21963.98	28713.77	22372.61	14213.95	10030.12	5512.55
krt19.S	RefSeq:NP_001090324.1|krt19.S|XBmRNA79320|XBXL10_1g42192|GeneID:779233|Xenbase:XB-GENE-17334583	33	S	5	1	1.141	3.435	1.67e-08	5897.16	10748.97	41694.07	17795.05	31074.74	21963.98	28713.77	22372.61	14213.95	10030.12	5512.55
krt7.L	RefSeq:NP_001095227.1|krt7.L|XBmRNA15675|XBXL10_1g8295|GeneID:397878|Xenbase:XB-GENE-876884	14	S	1	1	1.146	2.195	0.00064	401428.19	348371.12	476100.31	372616.38	260627.27	370287.06	292014.06	157628.75	185011.23	207406.73	11406.45
krt7.S	RefSeq:XP_018105657.1|krt7.S|XBmRNA20460|XBXL10_1g10880|GeneID:108709910|Xenbase:XB-GENE-17341386	14	S	1	1	1.146	2.195	0.00064	401428.19	348371.12	476100.31	372616.38	260627.27	370287.06	292014.06	157628.75	185011.23	207406.73	11406.45
krt7.S	RefSeq:XP_018105657.1|krt7.S|XBmRNA20460|XBXL10_1g10880|GeneID:108709910|Xenbase:XB-GENE-17341386	31	S	2	1	0.322	2.224	3.92e-05	31341.74	25820.45	39124.77	39752.33	42794.14	46882.72	47090.12	32796.57	30619.42	26810.88	18001.68
krt7.S	RefSeq:XP_018105657.1|krt7.S|XBmRNA20460|XBXL10_1g10880|GeneID:108709910|Xenbase:XB-GENE-17341386	49	S	3	1	0.288	4.177	2.47e-09	1168.06	1452.85	4155.77	6760.6	20577.38	43740.38	62297.56	83766.8	75378.34	181486.66	37155.23
krt70.L	RefSeq:XP_041431450.1|krt70.L|XBmRNA73482|XBXL10_1g38933|GeneID:380402|Xenbase:XB-GENE-6253629	27	S	3	2	0.898	2.223	0.000195	11336.05	16956.67	36809.45	19699.39	21607.73	21286.31	23847.59	27946.81	30445.01	16913.37	12896.49
krt70.L	RefSeq:NP_001080710.1|krt70.L|XBmRNA73483|XBXL10_1g38933|GeneID:380402|Xenbase:XB-GENE-6253629	27	S	3	2	0.898	2.223	0.000195	11336.05	16956.67	36809.45	19699.39	21607.73	21286.31	23847.59	27946.81	30445.01	16913.37	12896.49
krt70.S	RefSeq:NP_001081288.1|krt70.S|XBmRNA79316|XBXL10_1g42188|GeneID:397756|Xenbase:XB-GENE-6252602	19	S	1	1	1.016	2.396	0.000473	8762.55	14494.05	263807.47	18694.95	25297.76	14356.42	13421.35	13317.64	12546.56	10490.67	7273.9
krt70.S	RefSeq:NP_001081288.1|krt70.S|XBmRNA79316|XBXL10_1g42188|GeneID:397756|Xenbase:XB-GENE-6252602	27	S	3	2	0.898	2.223	0.000195	11336.05	16956.67	36809.45	19699.39	21607.73	21286.31	23847.59	27946.81	30445.01	16913.37	12896.49
krt8.1.L	RefSeq:XP_018103076.1|krt8.1.L|XBmRNA15660|XBXL10_1g8280|GeneID:108708656|Xenbase:XB-GENE-17339330	26	S	9	1	0.369	4.353	6.64e-09	15158.84	42725.59	45620.92	35840.41	37948.89	27011.12	33729.64	32660.01	30312.81	20564.83	8755.66
krt8.1.L	RefSeq:XP_018103076.1|krt8.1.L|XBmRNA15660|XBXL10_1g8280|GeneID:108708656|Xenbase:XB-GENE-17339330	42	S	1	1	0.044	3.141	2.13e-05	10782.25	12568.21	9429.69	19559.19	17204.0	19001.89	18296.43	19677.45	13518.82	4369.93	3094.49
krt8.1.L	RefSeq:XP_018103076.1|krt8.1.L|XBmRNA15660|XBXL10_1g8280|GeneID:108708656|Xenbase:XB-GENE-17339330	45	S	1	1	0.047	3.144	6.41e-06	2935.87	8836.0	4667.72	5722.5	6323.63	7465.17	9291.36	6823.84	6580.52	8332.94	6132.41
krt8.1.L	RefSeq:XP_018103076.1|krt8.1.L|XBmRNA15660|XBXL10_1g8280|GeneID:108708656|Xenbase:XB-GENE-17339330	46	S	1	1	0.09	3.215	1.29e-07	34858.55	55457.83	89708.02	62159.28	63424.02	60448.31	64565.03	84490.15	67901.58	97907.08	122630.2
krt8.1.L	RefSeq:XP_018103076.1|krt8.1.L|XBmRNA15660|XBXL10_1g8280|GeneID:108708656|Xenbase:XB-GENE-17339330	503	S	2	1	0.308	2.272	3.14e-05	8823.86	12971.5	25329.75	12495.58	13418.93	12942.8	13176.43	15464.98	16520.5	15893.04	7719.32
krt8.1.S	RefSeq:NP_001080525.1|krt8.1.S|XBmRNA20449|XBXL10_1g10869|GeneID:380217|Xenbase:XB-GENE-876943	26	S	9	1	0.369	4.353	6.64e-09	15158.84	42725.59	45620.92	35840.41	37948.89	27011.12	33729.64	32660.01	30312.81	20564.83	8755.66
krt8.1.S	RefSeq:NP_001080525.1|krt8.1.S|XBmRNA20449|XBXL10_1g10869|GeneID:380217|Xenbase:XB-GENE-876943	38	S	1	1	0.051	2.673	2.74e-06	6423.65	13435.13	7333.41	26654.85	29318.52	25451.9	42781.28	39748.55	43902.82	31840.83	9948.79
krt8.1.S	RefSeq:NP_001080525.1|krt8.1.S|XBmRNA20449|XBXL10_1g10869|GeneID:380217|Xenbase:XB-GENE-876943	45	S	1	1	0.033	2.674	0.000226	1457.97	5948.94	7971.14	12674.62	14655.28	14315.26	17045.19	23736.93	23420.75	22637.89	11647.5
krt8.1.S	RefSeq:NP_001080525.1|krt8.1.S|XBmRNA20449|XBXL10_1g10869|GeneID:380217|Xenbase:XB-GENE-876943	498	S	2	1	0.308	2.272	3.14e-05	8823.86	12971.5	25329.75	12495.58	13418.93	12942.8	13176.43	15464.98	16520.5	15893.04	7719.32
