gene	protein	peptide	modified_peptide	phospho_positions_in_protein	num_psms	charges	best_xcorr	best_expect	intensity_126_Oocyte_VI	intensity_127N_Egg	intensity_127C_St9	intensity_128N_St12	intensity_128C_St18	intensity_129N_St22	intensity_129C_St24	intensity_130N_St26	intensity_130C_St30	intensity_131N_St41	intensity_131C_St46
krt12.4.L	RefSeq:NP_001079845.1|krt12.4.L|XBmRNA73505|XBXL10_1g38948|GeneID:379535|Xenbase:XB-GENE-6255484	AATIDNATVTLQIDNAR	AATIDNATVTLQIDNAR		1	3	3.962	0.000658	0.0	4540.4	12095.43	54429.79	317107.41	735112.69	1315979.5	1218189.62	1344315.38	509115.47	236936.08
krt12.4.L	RefSeq:NP_001079845.1|krt12.4.L|XBmRNA73505|XBXL10_1g38948|GeneID:379535|Xenbase:XB-GENE-6255484	EISVGVEQVQASK	EISVGVEQVQASK[+357.26]		4	2,3	4.64	1.67e-08	14083.09	39586.23	22324.4	25751.23	35125.99	59029.11	72426.87	44637.41	43925.32	56231.44	35906.19
krt12.4.L	RefSeq:NP_001079845.1|krt12.4.L|XBmRNA73505|XBXL10_1g38948|GeneID:379535|Xenbase:XB-GENE-6255484	KEISVGVEQVQASK	K[+357.26]EISVGVEQVQASK[+357.26]		2	3	3.508	1.43e-05	24374.83	21031.52	76663.1	116869.94	134172.0	203850.7	255044.75	181697.21	195214.42	358537.25	74399.83
krt12.4.L	RefSeq:NP_001079845.1|krt12.4.L|XBmRNA73505|XBXL10_1g38948|GeneID:379535|Xenbase:XB-GENE-6255484	LLEGELGQVTTVANASSVESK	LLEGELGQVTTVANASSVESK[+357.26]		2	3	4.002	3.04e-07	8587.92	9752.43	13959.51	11251.41	11990.55	10760.47	12270.57	11266.38	10316.81	8747.73	10177.47
krt12.4.L	RefSeq:NP_001079845.1|krt12.4.L|XBmRNA73505|XBXL10_1g38948|GeneID:379535|Xenbase:XB-GENE-6255484	LLEGELGQVTTVANASSVESK	LLEGELGQVTTVANASS[+79.97]VESK[+357.26]	S401	2	3	4.137	3.98e-05	5125.62	8348.08	14481.12	17496.08	20047.8	24005.21	29361.76	20585.35	19363.57	43530.54	20289.99
krt12.4.L	RefSeq:NP_001079845.1|krt12.4.L|XBmRNA73505|XBXL10_1g38948|GeneID:379535|Xenbase:XB-GENE-6255484	RLLEGELGQVTTVANASSVESK	RLLEGELGQVTTVANASSVESK[+357.26]		1	3	4.696	2.02e-06	2858.72	5434.71	4221.72	5379.27	14684.59	37498.2	57772.03	50041.88	50107.48	174644.44	38315.84
krt12.4.L	RefSeq:NP_001079845.1|krt12.4.L|XBmRNA73505|XBXL10_1g38948|GeneID:379535|Xenbase:XB-GENE-6255484	RSLQSLEIELQSQLAMK	RSLQSLEIELQSQLAMK[+357.26]		1	3	3.802	8.45e-07	3098.2	3102.22	3202.15	4499.85	5868.69	8043.65	11194.65	13824.67	14073.81	131312.7	8961.42
krt12.4.L	RefSeq:NP_001079845.1|krt12.4.L|XBmRNA73505|XBXL10_1g38948|GeneID:379535|Xenbase:XB-GENE-6255484	SLQSLEIELQSQLAMK	SLQSLEIELQSQLAMK[+357.26]		2	3	3.247	0.000529	2134.4	4248.57	3727.01	4203.35	3763.53	5107.09	5890.51	3325.13	3799.71	6401.51	1464.5
krt12.4.S	RefSeq:NP_001079456.1|krt12.4.S|XBmRNA79328|XBXL10_1g42200|GeneID:379143|Xenbase:XB-GENE-17330213	EISVGVEQVQASK	EISVGVEQVQASK[+357.26]		4	2,3	4.64	1.67e-08	14083.09	39586.23	22324.4	25751.23	35125.99	59029.11	72426.87	44637.41	43925.32	56231.44	35906.19
krt12.4.S	RefSeq:NP_001079456.1|krt12.4.S|XBmRNA79328|XBXL10_1g42200|GeneID:379143|Xenbase:XB-GENE-17330213	GDLEMQIESLTEELAYLK	GDLEMQIESLTEELAYLK[+357.26]		1	2	3.346	1.96e-08	2379.56	3038.34	3179.57	3423.61	3341.24	3438.11	3317.65	2659.2	3199.28	7898.98	7720.64
krt12.4.S	RefSeq:NP_001079456.1|krt12.4.S|XBmRNA79328|XBXL10_1g42200|GeneID:379143|Xenbase:XB-GENE-17330213	KEISVGVEQVQASK	K[+357.26]EISVGVEQVQASK[+357.26]		2	3	3.508	1.43e-05	24374.83	21031.52	76663.1	116869.94	134172.0	203850.7	255044.75	181697.21	195214.42	358537.25	74399.83
krt12.4.S	RefSeq:NP_001079456.1|krt12.4.S|XBmRNA79328|XBXL10_1g42200|GeneID:379143|Xenbase:XB-GENE-17330213	SLQSLEIELQSQMAMK	SLQSLEIELQSQMAMK[+357.26]		2	3,4	3.547	8.07e-07	9231.5	9754.64	14664.35	12708.6	13067.13	13863.01	14425.79	11305.26	10757.02	10113.65	11682.61
krt12.4.S	RefSeq:NP_001079456.1|krt12.4.S|XBmRNA79328|XBXL10_1g42200|GeneID:379143|Xenbase:XB-GENE-17330213	SLQSLEIELQSQMAMK	SLQSLEIELQSQMAM[+147.04]K[+357.26]		1	3	2.801	0.000247	22192.55	22181.65	30726.59	26734.05	29606.95	28016.88	27996.89	20846.32	17320.31	15962.04	12978.58
krt12.4.S	RefSeq:NP_001079456.1|krt12.4.S|XBmRNA79328|XBXL10_1g42200|GeneID:379143|Xenbase:XB-GENE-17330213	TESSSSTTTR	TESSSS[+79.97]TTTR	S409	1	2	2.364	0.000244	21618.32	39293.66	30666.01	46949.68	60206.55	75705.99	97505.91	111048.07	122491.95	127426.66	236448.75
krt12.4.S	RefSeq:NP_001079456.1|krt12.4.S|XBmRNA79328|XBXL10_1g42200|GeneID:379143|Xenbase:XB-GENE-17330213	TRLEMEIETYRR	TRLEMEIETYRR		1	4	3.027	0.00015	74103.23	38745.01	35034.14	55568.07	131785.41	112825.05	185454.62	344156.78	249075.98	314021.47	266037.28
krt12.5.L	RefSeq:XP_018090182.1|krt12.5.L|XBmRNA73506|XBXL10_1g38949|GeneID:108700758|Xenbase:XB-GENE-17333623	GDLEMQIESLTEELAYLK	GDLEMQIESLTEELAYLK[+357.26]		1	2	3.346	1.96e-08	2379.56	3038.34	3179.57	3423.61	3341.24	3438.11	3317.65	2659.2	3199.28	7898.98	7720.64
krt12.5.L	RefSeq:XP_018090182.1|krt12.5.L|XBmRNA73506|XBXL10_1g38949|GeneID:108700758|Xenbase:XB-GENE-17333623	SLEGTLAETDGQYGAQLQTIQLNIR	SLEGTLAETDGQYGAQLQTIQLNIR		1	3	4.364	1.17e-08	1695.49	2341.86	3424.0	4355.46	4781.19	6320.68	7304.66	5318.37	6298.89	8473.2	10147.37
krt12.5.L	RefSeq:XP_018090182.1|krt12.5.L|XBmRNA73506|XBXL10_1g38949|GeneID:108700758|Xenbase:XB-GENE-17333623	SSSTVQVTEVSASQSSSSSK	SSSTVQVTEVSASQSSSSSK[+357.26]		3	3	5.301	4.76e-10	6394.28	4871.13	7020.56	7307.34	22907.07	35385.34	38244.68	28786.21	30759.15	36437.05	18060.64
krt12.5.L	RefSeq:XP_018090182.1|krt12.5.L|XBmRNA73506|XBXL10_1g38949|GeneID:108700758|Xenbase:XB-GENE-17333623	SSSTVQVTEVSASQSSSSSK	SSSTVQVTEVSASQSSSS[+79.97]SK[+357.26]	S416	2	3	4.594	1.29e-07	20901.03	20001.12	26083.43	23479.41	25844.28	34948.15	39256.59	28296.58	27349.27	39022.08	13372.1
krt12.5.L	RefSeq:XP_018090182.1|krt12.5.L|XBmRNA73506|XBXL10_1g38949|GeneID:108700758|Xenbase:XB-GENE-17333623	SSSTVQVTEVSASQSSSSSK	SSSTVQVTEVSASQSSSS[+79.97]S[+79.97]K[+357.26]	S416;S417	1	3	4.116	8.3e-05	174123.27	162985.34	181058.64	163192.06	140818.91	148075.91	163849.31	103814.03	99720.68	70095.22	36335.28
krt12.5.L	RefSeq:XP_018090182.1|krt12.5.L|XBmRNA73506|XBXL10_1g38949|GeneID:108700758|Xenbase:XB-GENE-17333623	SSSTVQVTEVSASQSSSSSK	SSSTVQVTEVSASQSSS[+79.97]SSK[+357.26]	S415	1	3	3.966	2.64e-07	4121.57	6627.23	6418.52	7085.3	6948.83	7294.56	9712.38	9986.35	10940.6	70264.2	95795.54
krt12.5.L	RefSeq:XP_018090182.1|krt12.5.L|XBmRNA73506|XBXL10_1g38949|GeneID:108700758|Xenbase:XB-GENE-17333623	SSSTVQVTEVSASQSSSSSK	SSSTVQVTEVSASQSSS[+79.97]SS[+79.97]K[+357.26]	S415;S417	1	3	4.265	1.66e-05	158151.55	200033.17	224825.36	225384.62	209960.28	271158.81	260688.62	156945.45	161627.23	199527.98	279642.16
krt12.5.L	RefSeq:XP_018090182.1|krt12.5.L|XBmRNA73506|XBXL10_1g38949|GeneID:108700758|Xenbase:XB-GENE-17333623	SSSTVQVTEVSASQSSSSSK	SSSTVQVTEVSASQSS[+79.97]SSSK[+357.26]	S414	1	3	4.11	2.35e-07	1263.76	462.71	1114.79	1285.68	1468.3	1897.02	2332.27	2474.63	2973.42	2970.2	3170.68
krt12.5.L	RefSeq:XP_018090182.1|krt12.5.L|XBmRNA73506|XBXL10_1g38949|GeneID:108700758|Xenbase:XB-GENE-17333623	SSSTVQVTEVSASQSSSSSK	SSSTVQVTEVSASQSS[+79.97]SSS[+79.97]K[+357.26]	S414;S417	3	3	4.919	6.63e-05	18390.81	137958.78	128660.66	120368.16	210068.41	220433.97	290513.03	146499.52	149694.2	244586.36	18893.78
krt12.5.L	RefSeq:XP_018090182.1|krt12.5.L|XBmRNA73506|XBXL10_1g38949|GeneID:108700758|Xenbase:XB-GENE-17333623	SSSTVQVTEVSASQSSSSSK	SSSTVQVTEVSASQS[+79.97]SSSSK[+357.26]	S413	1	2	3.586	5.55e-07	0.0	441.05	301.3	509.2	870.86	948.84	507.28	1796.48	2965.05	21644.19	27068.25
krt12.5.L	RefSeq:XP_018090182.1|krt12.5.L|XBmRNA73506|XBXL10_1g38949|GeneID:108700758|Xenbase:XB-GENE-17333623	SSSTVQVTEVSASQSSSSSKK	SSSTVQVTEVSASQSSSSSK[+357.26]K[+357.26]		3	3	6.28	5.43e-13	10319.31	14086.55	11222.48	12369.62	12817.55	19862.92	25658.88	19812.15	22366.87	30132.38	11779.59
krt12.5.L	RefSeq:XP_018090182.1|krt12.5.L|XBmRNA73506|XBXL10_1g38949|GeneID:108700758|Xenbase:XB-GENE-17333623	SSSTVQVTEVSASQSSSSSKK	SSSTVQVTEVSASQSS[+79.97]SSSK[+357.26]K[+357.26]	S414	3	3	4.165	1.24e-09	7714.35	27543.87	36980.12	46704.7	26037.09	33871.54	33139.41	23591.09	18975.85	63289.91	49919.96
krt12.5.L	RefSeq:XP_018090182.1|krt12.5.L|XBmRNA73506|XBXL10_1g38949|GeneID:108700758|Xenbase:XB-GENE-17333623	SSSTVQVTEVSASQSSSSSKK	SSSTVQVTEVSASQS[+79.97]SS[+79.97]SSK[+357.26]K[+357.26]	S413;S415	1	3	3.885	0.000135	5776.18	33908.92	21009.88	14411.1	11203.73	11671.12	14459.45	12086.11	11338.52	18379.58	11715.57
krt12.5.L	RefSeq:XP_018090182.1|krt12.5.L|XBmRNA73506|XBXL10_1g38949|GeneID:108700758|Xenbase:XB-GENE-17333623	TRLEMEIETYRR	TRLEMEIETYRR		1	4	3.027	0.00015	74103.23	38745.01	35034.14	55568.07	131785.41	112825.05	185454.62	344156.78	249075.98	314021.47	266037.28
krt12.5.S	RefSeq:XP_041433634.1|krt12.5.S|XBmRNA79329|XBXL10_1g42201|GeneID:398464|Xenbase:XB-GENE-1219328	GDLEMQIESLTEELAYLK	GDLEMQIESLTEELAYLK[+357.26]		1	2	3.346	1.96e-08	2379.56	3038.34	3179.57	3423.61	3341.24	3438.11	3317.65	2659.2	3199.28	7898.98	7720.64
krt12.5.S	RefSeq:NP_001082432.1|krt12.5.S|XBmRNA79330|XBXL10_1g42201|GeneID:398464|Xenbase:XB-GENE-1219328	GDLEMQIESLTEELAYLK	GDLEMQIESLTEELAYLK[+357.26]		1	2	3.346	1.96e-08	2379.56	3038.34	3179.57	3423.61	3341.24	3438.11	3317.65	2659.2	3199.28	7898.98	7720.64
krt12.5.S	RefSeq:XP_041433634.1|krt12.5.S|XBmRNA79329|XBXL10_1g42201|GeneID:398464|Xenbase:XB-GENE-1219328	RSLQSLEIELQSQLAMK	RSLQSLEIELQSQLAMK[+357.26]		1	3	3.802	8.45e-07	3098.2	3102.22	3202.15	4499.85	5868.69	8043.65	11194.65	13824.67	14073.81	131312.7	8961.42
krt12.5.S	RefSeq:NP_001082432.1|krt12.5.S|XBmRNA79330|XBXL10_1g42201|GeneID:398464|Xenbase:XB-GENE-1219328	RSLQSLEIELQSQLAMK	RSLQSLEIELQSQLAMK[+357.26]		1	3	3.802	8.45e-07	3098.2	3102.22	3202.15	4499.85	5868.69	8043.65	11194.65	13824.67	14073.81	131312.7	8961.42
krt12.5.S	RefSeq:XP_041433634.1|krt12.5.S|XBmRNA79329|XBXL10_1g42201|GeneID:398464|Xenbase:XB-GENE-1219328	SLEDTLAETDGRYGAQLQTIQFSIR	SLEDTLAETDGRYGAQLQTIQFSIR		2	3,4	3.778	1.6e-05	30827.6	34935.19	40664.61	43037.02	44138.61	45634.14	49139.08	30674.27	28323.79	26466.38	18050.16
krt12.5.S	RefSeq:NP_001082432.1|krt12.5.S|XBmRNA79330|XBXL10_1g42201|GeneID:398464|Xenbase:XB-GENE-1219328	SLEDTLAETDGRYGAQLQTIQFSIR	SLEDTLAETDGRYGAQLQTIQFSIR		2	3,4	3.778	1.6e-05	30827.6	34935.19	40664.61	43037.02	44138.61	45634.14	49139.08	30674.27	28323.79	26466.38	18050.16
krt12.5.S	RefSeq:XP_041433634.1|krt12.5.S|XBmRNA79329|XBXL10_1g42201|GeneID:398464|Xenbase:XB-GENE-1219328	SLQSLEIELQSQLAMK	SLQSLEIELQSQLAMK[+357.26]		2	3	3.247	0.000529	2134.4	4248.57	3727.01	4203.35	3763.53	5107.09	5890.51	3325.13	3799.71	6401.51	1464.5
krt12.5.S	RefSeq:NP_001082432.1|krt12.5.S|XBmRNA79330|XBXL10_1g42201|GeneID:398464|Xenbase:XB-GENE-1219328	SLQSLEIELQSQLAMK	SLQSLEIELQSQLAMK[+357.26]		2	3	3.247	0.000529	2134.4	4248.57	3727.01	4203.35	3763.53	5107.09	5890.51	3325.13	3799.71	6401.51	1464.5
krt12.5.S	RefSeq:XP_041433634.1|krt12.5.S|XBmRNA79329|XBXL10_1g42201|GeneID:398464|Xenbase:XB-GENE-1219328	SLQSLEIELQSQLAMKK	SLQSLEIELQSQLAMK[+357.26]K[+357.26]		1	4	3.215	4.88e-05	417946.31	483811.97	654525.88	558090.44	580247.81	583524.25	645511.62	460703.69	435944.44	334413.5	242408.59
krt12.5.S	RefSeq:NP_001082432.1|krt12.5.S|XBmRNA79330|XBXL10_1g42201|GeneID:398464|Xenbase:XB-GENE-1219328	SLQSLEIELQSQLAMKK	SLQSLEIELQSQLAMK[+357.26]K[+357.26]		1	4	3.215	4.88e-05	417946.31	483811.97	654525.88	558090.44	580247.81	583524.25	645511.62	460703.69	435944.44	334413.5	242408.59
krt12.5.S	RefSeq:XP_041433634.1|krt12.5.S|XBmRNA79329|XBXL10_1g42201|GeneID:398464|Xenbase:XB-GENE-1219328	SSIVQATEVSTSQSSSSSK	SSIVQATEVSTSQSSSSSK[+357.26]		5	3,4	4.737	8.35e-07	28171.2	36212.91	41200.51	37896.28	42779.82	35834.89	39987.71	37571.19	30314.09	20678.29	11634.22
krt12.5.S	RefSeq:NP_001082432.1|krt12.5.S|XBmRNA79330|XBXL10_1g42201|GeneID:398464|Xenbase:XB-GENE-1219328	SSIVQATEVSTSQSSSSSK	SSIVQATEVSTSQSSSSSK[+357.26]		5	3,4	4.737	8.35e-07	28171.2	36212.91	41200.51	37896.28	42779.82	35834.89	39987.71	37571.19	30314.09	20678.29	11634.22
krt12.5.S	RefSeq:XP_041433634.1|krt12.5.S|XBmRNA79329|XBXL10_1g42201|GeneID:398464|Xenbase:XB-GENE-1219328	SSIVQATEVSTSQSSSSSK	SSIVQATEVSTSQSSSS[+79.97]SK[+357.26]	S418	1	3	3.655	8.2e-07	10876.49	10005.79	33330.62	47584.46	40462.15	74809.38	89447.51	34945.2	46046.12	87647.95	33681.46
krt12.5.S	RefSeq:NP_001082432.1|krt12.5.S|XBmRNA79330|XBXL10_1g42201|GeneID:398464|Xenbase:XB-GENE-1219328	SSIVQATEVSTSQSSSSSK	SSIVQATEVSTSQSSSS[+79.97]SK[+357.26]	S418	1	3	3.655	8.2e-07	10876.49	10005.79	33330.62	47584.46	40462.15	74809.38	89447.51	34945.2	46046.12	87647.95	33681.46
krt12.5.S	RefSeq:XP_041433634.1|krt12.5.S|XBmRNA79329|XBXL10_1g42201|GeneID:398464|Xenbase:XB-GENE-1219328	SSIVQATEVSTSQSSSSSK	SSIVQATEVSTSQSSS[+79.97]SSK[+357.26]	S417	4	2,3	3.904	5.14e-09	9549.85	7667.68	13712.27	7135.12	9427.34	9823.47	13898.6	16923.2	18944.44	41089.02	30655.82
krt12.5.S	RefSeq:NP_001082432.1|krt12.5.S|XBmRNA79330|XBXL10_1g42201|GeneID:398464|Xenbase:XB-GENE-1219328	SSIVQATEVSTSQSSSSSK	SSIVQATEVSTSQSSS[+79.97]SSK[+357.26]	S417	4	2,3	3.904	5.14e-09	9549.85	7667.68	13712.27	7135.12	9427.34	9823.47	13898.6	16923.2	18944.44	41089.02	30655.82
krt12.5.S	RefSeq:XP_041433634.1|krt12.5.S|XBmRNA79329|XBXL10_1g42201|GeneID:398464|Xenbase:XB-GENE-1219328	SSIVQATEVSTSQSSSSSK	SSIVQATEVSTSQSS[+79.97]SSSK[+357.26]	S416	4	3,4	4.431	2.7e-07	54471.14	57162.54	115722.77	120228.25	120334.46	118735.19	132897.62	102791.95	95802.37	104981.85	45495.8
krt12.5.S	RefSeq:NP_001082432.1|krt12.5.S|XBmRNA79330|XBXL10_1g42201|GeneID:398464|Xenbase:XB-GENE-1219328	SSIVQATEVSTSQSSSSSK	SSIVQATEVSTSQSS[+79.97]SSSK[+357.26]	S416	4	3,4	4.431	2.7e-07	54471.14	57162.54	115722.77	120228.25	120334.46	118735.19	132897.62	102791.95	95802.37	104981.85	45495.8
krt12.5.S	RefSeq:XP_041433634.1|krt12.5.S|XBmRNA79329|XBXL10_1g42201|GeneID:398464|Xenbase:XB-GENE-1219328	SSIVQATEVSTSQSSSSSK	SSIVQATEVSTSQSS[+79.97]SSS[+79.97]K[+357.26]	S416;S419	1	4	3.868	2.24e-06	10964.51	9277.69	14524.91	12649.34	17856.64	18653.75	25716.77	32768.48	37866.91	168802.3	159373.56
krt12.5.S	RefSeq:NP_001082432.1|krt12.5.S|XBmRNA79330|XBXL10_1g42201|GeneID:398464|Xenbase:XB-GENE-1219328	SSIVQATEVSTSQSSSSSK	SSIVQATEVSTSQSS[+79.97]SSS[+79.97]K[+357.26]	S416;S419	1	4	3.868	2.24e-06	10964.51	9277.69	14524.91	12649.34	17856.64	18653.75	25716.77	32768.48	37866.91	168802.3	159373.56
krt12.5.S	RefSeq:XP_041433634.1|krt12.5.S|XBmRNA79329|XBXL10_1g42201|GeneID:398464|Xenbase:XB-GENE-1219328	SSIVQATEVSTSQSSSSSK	SSIVQATEVSTSQSS[+79.97]SS[+79.97]SK[+357.26]	S416;S418	1	3	4.345	0.000538	12413.04	21945.49	39031.57	64262.95	49953.81	91210.45	72061.68	15723.49	22068.31	27421.31	19345.94
krt12.5.S	RefSeq:NP_001082432.1|krt12.5.S|XBmRNA79330|XBXL10_1g42201|GeneID:398464|Xenbase:XB-GENE-1219328	SSIVQATEVSTSQSSSSSK	SSIVQATEVSTSQSS[+79.97]SS[+79.97]SK[+357.26]	S416;S418	1	3	4.345	0.000538	12413.04	21945.49	39031.57	64262.95	49953.81	91210.45	72061.68	15723.49	22068.31	27421.31	19345.94
krt12.5.S	RefSeq:XP_041433634.1|krt12.5.S|XBmRNA79329|XBXL10_1g42201|GeneID:398464|Xenbase:XB-GENE-1219328	SSIVQATEVSTSQSSSSSK	SSIVQATEVSTSQS[+79.97]SSSSK[+357.26]	S415	1	3	3.474	1.08e-06	33918.52	26030.6	51420.99	40620.93	43302.5	55848.63	68941.53	73326.44	68377.35	35418.08	19885.21
krt12.5.S	RefSeq:NP_001082432.1|krt12.5.S|XBmRNA79330|XBXL10_1g42201|GeneID:398464|Xenbase:XB-GENE-1219328	SSIVQATEVSTSQSSSSSK	SSIVQATEVSTSQS[+79.97]SSSSK[+357.26]	S415	1	3	3.474	1.08e-06	33918.52	26030.6	51420.99	40620.93	43302.5	55848.63	68941.53	73326.44	68377.35	35418.08	19885.21
krt12.5.S	RefSeq:XP_041433634.1|krt12.5.S|XBmRNA79329|XBXL10_1g42201|GeneID:398464|Xenbase:XB-GENE-1219328	SSIVQATEVSTSQSSSSSKKDPSK	SSIVQATEVSTSQSS[+79.97]SSSK[+357.26]K[+357.26]DPSK[+357.26]	S416	2	4	4.631	1.26e-07	213595.5	227392.14	204432.54	199132.09	241996.88	204732.69	215360.1	334619.82	253703.38	363892.83	212210.45
krt12.5.S	RefSeq:NP_001082432.1|krt12.5.S|XBmRNA79330|XBXL10_1g42201|GeneID:398464|Xenbase:XB-GENE-1219328	SSIVQATEVSTSQSSSSSKKDPSK	SSIVQATEVSTSQSS[+79.97]SSSK[+357.26]K[+357.26]DPSK[+357.26]	S416	2	4	4.631	1.26e-07	213595.5	227392.14	204432.54	199132.09	241996.88	204732.69	215360.1	334619.82	253703.38	363892.83	212210.45
krt12.5.S	RefSeq:XP_041433634.1|krt12.5.S|XBmRNA79329|XBXL10_1g42201|GeneID:398464|Xenbase:XB-GENE-1219328	TRLEMEIETYRR	TRLEMEIETYRR		1	4	3.027	0.00015	74103.23	38745.01	35034.14	55568.07	131785.41	112825.05	185454.62	344156.78	249075.98	314021.47	266037.28
krt12.5.S	RefSeq:NP_001082432.1|krt12.5.S|XBmRNA79330|XBXL10_1g42201|GeneID:398464|Xenbase:XB-GENE-1219328	TRLEMEIETYRR	TRLEMEIETYRR		1	4	3.027	0.00015	74103.23	38745.01	35034.14	55568.07	131785.41	112825.05	185454.62	344156.78	249075.98	314021.47	266037.28
krt15.2.L	RefSeq:NP_001090185.1|krt15.2.L|XBmRNA73492|XBXL10_1g38939|GeneID:779065|Xenbase:XB-GENE-6040215	EAEAWFLSQVESLQSEVVTSTQQVQSTK	EAEAWFLSQVESLQSEVVTSTQQVQSTK[+357.26]		1	4	4.171	5.36e-08	32408.36	29267.69	42497.49	35236.87	40068.59	37169.29	47623.5	35918.11	32202.57	45902.6	19491.01
krt18.1.L	RefSeq:NP_001080810.1|krt18.1.L|XBmRNA15659|XBXL10_1g8279|GeneID:380504|Xenbase:XB-GENE-6256523	KQVFDSTVDNSQLVLQIDNAR	K[+357.26]QVFDSTVDNSQLVLQIDNAR		1	3	3.658	1.48e-08	10015.65	7389.9	10699.33	10116.08	13055.61	22646.2	17668.22	8237.16	10070.94	11623.19	2662.91
krt18.1.L	RefSeq:NP_001080810.1|krt18.1.L|XBmRNA15659|XBXL10_1g8279|GeneID:380504|Xenbase:XB-GENE-6256523	QVFDSTVDNSQLVLQIDNAR	QVFDSTVDNSQLVLQIDNAR		1	3	3.955	3.14e-07	1208.27	2023.6	3143.13	3965.84	3044.67	3534.69	3989.74	4856.78	4877.26	3657.71	3012.5
krt18.1.L	RefSeq:NP_001080810.1|krt18.1.L|XBmRNA15659|XBXL10_1g8279|GeneID:380504|Xenbase:XB-GENE-6256523	SMYSSSSVVGGSPYR	SMYSSSSVVGGS[+79.97]PYR	S17	2	2	3.024	2.38e-05	76771.31	28235.08	82083.65	113269.12	98717.91	106903.09	120922.25	138879.27	90120.77	110501.94	40220.08
krt18.1.L	RefSeq:NP_001080810.1|krt18.1.L|XBmRNA15659|XBXL10_1g8279|GeneID:380504|Xenbase:XB-GENE-6256523	SMYSSSSVVGGSPYR	SM[+147.04]YSSSSVVGGS[+79.97]PYR	S17	1	2	2.602	0.000257	57013.34	29014.76	35463.34	36394.29	36631.29	49448.9	44700.49	54696.86	39531.37	36921.45	27902.45
krt18.1.L	RefSeq:NP_001080810.1|krt18.1.L|XBmRNA15659|XBXL10_1g8279|GeneID:380504|Xenbase:XB-GENE-6256523	VEEHTMQVNIDTQELQTSK	VEEHTMQVNIDTQELQTSK[+357.26]		2	3	5.239	2.93e-12	15802.99	21638.21	70216.9	22309.11	27361.93	27876.84	29914.03	29901.95	23721.14	22711.33	21703.36
krt18.1.L	RefSeq:NP_001080810.1|krt18.1.L|XBmRNA15659|XBXL10_1g8279|GeneID:380504|Xenbase:XB-GENE-6256523	VEEHTMQVNIDTQELQTSK	VEEHTM[+147.04]QVNIDTQELQTSK[+357.26]		1	3	4.402	6.23e-07	14468.39	13057.68	14859.12	16681.01	13571.01	16010.09	14967.34	13754.03	16706.25	40290.39	6818.59
krt18.1.S	RefSeq:NP_001082454.1|krt18.1.S|XBmRNA20448|XBXL10_1g10868|GeneID:398482|Xenbase:XB-GENE-6256308	LLEGDSFDLQDAVPVVTTQTVK	LLEGDS[+79.97]FDLQDAVPVVTTQTVK[+357.26]	S386	2	3	3.37	8.06e-06	365.2	335.93	1006.88	404.71	379.54	535.23	1611.32	10340.67	15914.33	280451.85	442563.88
krt18.1.S	RefSeq:NP_001082454.1|krt18.1.S|XBmRNA20448|XBXL10_1g10868|GeneID:398482|Xenbase:XB-GENE-6256308	NHQDDVNELQAQIASSAVTVEVDAPK	NHQDDVNELQAQIASSAVTVEVDAPK[+357.26]		2	4,5	4.337	3.43e-07	105222.57	190962.17	241309.32	214653.72	171104.56	209529.97	192719.05	101266.03	104965.49	90324.02	17315.49
krt18.1.S	RefSeq:NP_001082454.1|krt18.1.S|XBmRNA20448|XBXL10_1g10868|GeneID:398482|Xenbase:XB-GENE-6256308	QVFNSIVENSQLVLQIDNAR	QVFNSIVENSQLVLQIDNAR		2	3	4.031	7.15e-09	18049.05	25779.59	18434.81	18905.06	22427.61	16538.35	17106.96	33279.57	18562.92	14304.36	3523.96
krt18.1.S	RefSeq:NP_001082454.1|krt18.1.S|XBmRNA20448|XBXL10_1g10868|GeneID:398482|Xenbase:XB-GENE-6256308	VEEHTVQVNLDAEALHTAK	VEEHTVQVNLDAEALHTAK[+357.26]		3	4,5	5.256	2.25e-08	5510.85	10598.69	14097.68	24875.68	29523.3	25920.21	27867.14	23952.78	17477.21	16249.97	12433.66
krt19.L	RefSeq:XP_018089754.1|krt19.L|XBmRNA73489|XBXL10_1g38937|GeneID:432054|Xenbase:XB-GENE-865962	APSVHGGYGGQGISVSSAR	APS[+79.97]VHGGYGGQGISVSSAR	S33	5	3	3.435	1.67e-08	5897.16	10748.97	41694.07	17795.05	31074.74	21963.98	28713.77	22372.61	14213.95	10030.12	5512.55
krt19.L	RefSeq:NP_001084992.1|krt19.L|XBmRNA73490|XBXL10_1g38937|GeneID:432054|Xenbase:XB-GENE-865962	APSVHGGYGGQGISVSSAR	APS[+79.97]VHGGYGGQGISVSSAR	S33	5	3	3.435	1.67e-08	5897.16	10748.97	41694.07	17795.05	31074.74	21963.98	28713.77	22372.61	14213.95	10030.12	5512.55
krt19.L	RefSeq:XP_018089754.1|krt19.L|XBmRNA73489|XBXL10_1g38937|GeneID:432054|Xenbase:XB-GENE-865962	DAEEWFFAQSEELNK	DAEEWFFAQSEELNK[+357.26]		1	3	3.854	5.41e-05	9113.54	10173.88	13011.7	13190.13	13128.97	14149.63	13832.05	10220.14	10452.76	7879.62	5608.2
krt19.L	RefSeq:NP_001084992.1|krt19.L|XBmRNA73490|XBXL10_1g38937|GeneID:432054|Xenbase:XB-GENE-865962	DAEEWFFAQSEELNK	DAEEWFFAQSEELNK[+357.26]		1	3	3.854	5.41e-05	9113.54	10173.88	13011.7	13190.13	13128.97	14149.63	13832.05	10220.14	10452.76	7879.62	5608.2
krt19.L	RefSeq:XP_018089754.1|krt19.L|XBmRNA73489|XBXL10_1g38937|GeneID:432054|Xenbase:XB-GENE-865962	EVATHTEQIQTSK	EVATHTEQIQTSK[+357.26]		1	3	2.445	0.000367	77492.22	83652.89	107346.32	100726.52	102496.99	102579.93	116028.21	78840.48	73039.34	71865.48	63003.88
krt19.L	RefSeq:NP_001084992.1|krt19.L|XBmRNA73490|XBXL10_1g38937|GeneID:432054|Xenbase:XB-GENE-865962	EVATHTEQIQTSK	EVATHTEQIQTSK[+357.26]		1	3	2.445	0.000367	77492.22	83652.89	107346.32	100726.52	102496.99	102579.93	116028.21	78840.48	73039.34	71865.48	63003.88
krt19.S	RefSeq:XP_018093130.1|krt19.S|XBmRNA79319|XBXL10_1g42192|GeneID:779233|Xenbase:XB-GENE-17334583	APSVHGGYGGQGISVSSAR	APS[+79.97]VHGGYGGQGISVSSAR	S33	5	3	3.435	1.67e-08	5897.16	10748.97	41694.07	17795.05	31074.74	21963.98	28713.77	22372.61	14213.95	10030.12	5512.55
krt19.S	RefSeq:NP_001090324.1|krt19.S|XBmRNA79320|XBXL10_1g42192|GeneID:779233|Xenbase:XB-GENE-17334583	APSVHGGYGGQGISVSSAR	APS[+79.97]VHGGYGGQGISVSSAR	S33	5	3	3.435	1.67e-08	5897.16	10748.97	41694.07	17795.05	31074.74	21963.98	28713.77	22372.61	14213.95	10030.12	5512.55
krt19.S	RefSeq:XP_018093130.1|krt19.S|XBmRNA79319|XBXL10_1g42192|GeneID:779233|Xenbase:XB-GENE-17334583	DAEEWFFSQSEELNK	DAEEWFFSQSEELNK[+357.26]		2	3	3.52	5.91e-05	3815.19	5993.19	7840.52	10434.27	9911.96	13041.24	12525.26	9138.03	9940.89	15443.45	11542.11
krt19.S	RefSeq:NP_001090324.1|krt19.S|XBmRNA79320|XBXL10_1g42192|GeneID:779233|Xenbase:XB-GENE-17334583	DAEEWFFSQSEELNK	DAEEWFFSQSEELNK[+357.26]		2	3	3.52	5.91e-05	3815.19	5993.19	7840.52	10434.27	9911.96	13041.24	12525.26	9138.03	9940.89	15443.45	11542.11
krt19.S	RefSeq:XP_018093130.1|krt19.S|XBmRNA79319|XBXL10_1g42192|GeneID:779233|Xenbase:XB-GENE-17334583	EVATHTEQIQTSK	EVATHTEQIQTSK[+357.26]		1	3	2.445	0.000367	77492.22	83652.89	107346.32	100726.52	102496.99	102579.93	116028.21	78840.48	73039.34	71865.48	63003.88
krt19.S	RefSeq:NP_001090324.1|krt19.S|XBmRNA79320|XBXL10_1g42192|GeneID:779233|Xenbase:XB-GENE-17334583	EVATHTEQIQTSK	EVATHTEQIQTSK[+357.26]		1	3	2.445	0.000367	77492.22	83652.89	107346.32	100726.52	102496.99	102579.93	116028.21	78840.48	73039.34	71865.48	63003.88
krt20.L	RefSeq:NP_001091133.1|krt20.L|XBmRNA73504|XBXL10_1g38947|GeneID:100036883|Xenbase:XB-GENE-5822423	IEEVNVQIGDNVTELENYK	IEEVNVQIGDNVTELENYK[+357.26]		3	3	4.1	3.05e-07	5760.62	7595.41	10764.24	16369.27	15669.67	15352.9	22562.43	24832.52	24426.95	13773.75	10653.83
krt24.L	RefSeq:XP_041432477.1|krt24.L|XBmRNA73515|XBXL10_1g38959|GeneID:108700760|Xenbase:XB-GENE-22061193	TRLEMEIETYRR	TRLEMEIETYRR		1	4	3.027	0.00015	74103.23	38745.01	35034.14	55568.07	131785.41	112825.05	185454.62	344156.78	249075.98	314021.47	266037.28
krt24.S	RefSeq:XP_041434003.1|krt24.S|GeneID:108702476|keratin,	TRLEMEIETYRR	TRLEMEIETYRR		1	4	3.027	0.00015	74103.23	38745.01	35034.14	55568.07	131785.41	112825.05	185454.62	344156.78	249075.98	314021.47	266037.28
krt59.L	RefSeq:XP_018101046.1|krt59.L|XBmRNA15674|XBXL10_1g8294|GeneID:108707560|Xenbase:XB-GENE-6077763	LALDIEIATYRK	LALDIEIATYRK[+357.26]		1	3	3.439	3.22e-06	6594.81	6732.47	10124.62	8836.08	8522.59	8168.5	9967.16	6472.94	6320.5	5535.04	6315.8
krt59.S	RefSeq:XP_018104129.2|krt59.S|XBmRNA20458|XBXL10_1g10878|GeneID:108709008|Xenbase:XB-GENE-17343224	LALDIEIATYRK	LALDIEIATYRK[+357.26]		1	3	3.439	3.22e-06	6594.81	6732.47	10124.62	8836.08	8522.59	8168.5	9967.16	6472.94	6320.5	5535.04	6315.8
krt60.L	RefSeq:XP_041438532.1|krt60.L|XBmRNA15673|XBXL10_1g8293|GeneID:108707748|Xenbase:XB-GENE-22060981	LALDIEIATYRK	LALDIEIATYRK[+357.26]		1	3	3.439	3.22e-06	6594.81	6732.47	10124.62	8836.08	8522.59	8168.5	9967.16	6472.94	6320.5	5535.04	6315.8
krt62.S	RefSeq:NP_001091183.1|krt62.S|XBmRNA20456|XBXL10_1g10876|GeneID:100036944|Xenbase:XB-GENE-6488853	GELQAQISDTSVVLSMDNNR	GELQAQISDTSVVLSMDNNR		3	3	3.597	5.59e-07	24285.55	25606.7	43991.56	50011.68	41671.46	56846.51	62790.98	26772.79	33307.86	30137.36	11184.28
krt62.S	RefSeq:NP_001091183.1|krt62.S|XBmRNA20456|XBXL10_1g10876|GeneID:100036944|Xenbase:XB-GENE-6488853	LQVSITEAEERGDLVLK	LQVSITEAEERGDLVLK[+357.26]		1	3	2.963	5.83e-05	66206.52	114137.33	81700.79	86505.45	114282.2	150265.28	200776.47	123819.41	142361.64	171223.8	134284.17
krt62.S	RefSeq:NP_001091183.1|krt62.S|XBmRNA20456|XBXL10_1g10876|GeneID:100036944|Xenbase:XB-GENE-6488853	TFFEAERGELQAQISDTSVVLSMDNNR	TFFEAERGELQAQISDTSVVLSMDNNR		1	3	3.113	5.27e-05	6931.52	7766.81	9321.03	10594.85	9954.37	11005.08	11463.0	8830.98	7459.09	9342.03	6104.97
krt7.L	RefSeq:NP_001095227.1|krt7.L|XBmRNA15675|XBXL10_1g8295|GeneID:397878|Xenbase:XB-GENE-876884	AKLEAQIAEAEERGELALK	AK[+357.26]LEAQIAEAEERGELALK[+357.26]		1	4	3.033	1.94e-05	68152.06	38869.11	44621.29	32102.28	28686.7	25817.71	25900.34	20111.26	15249.2	6987.69	3668.35
krt7.L	RefSeq:NP_001095227.1|krt7.L|XBmRNA15675|XBXL10_1g8295|GeneID:397878|Xenbase:XB-GENE-876884	ALDMDSIIAEVK	ALDMDSIIAEVK[+357.26]		1	2	3.558	3.37e-07	20153.72	38217.52	48875.02	45060.57	53833.35	53466.77	54138.86	28060.84	20995.86	13879.39	5891.87
krt7.L	RefSeq:NP_001095227.1|krt7.L|XBmRNA15675|XBXL10_1g8295|GeneID:397878|Xenbase:XB-GENE-876884	ELQEQISDTSVVLSMDNNR	ELQEQISDTSVVLSMDNNR		9	2,3	5.226	2.98e-10	6185.14	13137.1	9466.66	16209.8	18152.26	25609.68	29233.62	19316.17	20196.64	19924.59	17728.95
krt7.L	RefSeq:NP_001095227.1|krt7.L|XBmRNA15675|XBXL10_1g8295|GeneID:397878|Xenbase:XB-GENE-876884	ELQEQISDTSVVLSMDNNR	ELQEQISDTSVVLSM[+147.04]DNNR		2	3	5.578	1.25e-11	82021.94	81068.57	92380.83	89358.11	98750.81	97628.0	111117.47	100662.58	87086.02	123601.1	35474.01
krt7.L	RefSeq:NP_001095227.1|krt7.L|XBmRNA15675|XBXL10_1g8295|GeneID:397878|Xenbase:XB-GENE-876884	ITEGPGPVSVSVVNSTSSSMGGGSSSGFGSGYSGGSSYGAGGFGNSSAR	ITEGPGPVSVSVVNSTSSSMGGGSSSGFGSGYSGGSSYGAGGFGNSSAR		2	4	5.781	1.22e-12	92359.73	1016931.32	78252.19	131677.04	108789.43	122168.07	121025.09	95337.27	96953.75	103923.47	54234.02
krt7.L	RefSeq:NP_001095227.1|krt7.L|XBmRNA15675|XBXL10_1g8295|GeneID:397878|Xenbase:XB-GENE-876884	ITEGPGPVSVSVVNSTSSSMGGGSSSGFGSGYSGGSSYGAGGFGNSSAR	ITEGPGPVSVSVVNSTSSSMGGGSSSGFGSGYSGGSSYGAGGFGN[+115.03]SSAR		1	4	7.113	1.72e-13	31150.18	60126.34	72707.32	70976.75	84454.58	81609.27	94011.23	60563.73	48578.81	61168.73	28404.35
krt7.L	RefSeq:NP_001095227.1|krt7.L|XBmRNA15675|XBXL10_1g8295|GeneID:397878|Xenbase:XB-GENE-876884	ITEGPGPVSVSVVNSTSSSMGGGSSSGFGSGYSGGSSYGAGGFGNSSAR	ITEGPGPVSVSVVNSTSSSM[+147.04]GGGSSSGFGSGYSGGSSYGAGGFGNSSAR		1	4	4.873	3.77e-11	7188.88	120374.19	136467.67	155395.7	138235.45	148070.67	158458.27	72289.87	72030.92	43380.85	5804.33
krt7.L	RefSeq:NP_001095227.1|krt7.L|XBmRNA15675|XBXL10_1g8295|GeneID:397878|Xenbase:XB-GENE-876884	LALDIEIATYRK	LALDIEIATYRK[+357.26]		1	3	3.439	3.22e-06	6594.81	6732.47	10124.62	8836.08	8522.59	8168.5	9967.16	6472.94	6320.5	5535.04	6315.8
krt7.L	RefSeq:NP_001095227.1|krt7.L|XBmRNA15675|XBXL10_1g8295|GeneID:397878|Xenbase:XB-GENE-876884	SAVPNAGFSQMR	S[+79.97]AVPNAGFSQMR	S14	1	2	2.195	0.00064	401428.19	348371.12	476100.31	372616.38	260627.27	370287.06	292014.06	157628.75	185011.23	207406.73	11406.45
krt7.S	RefSeq:XP_018105657.1|krt7.S|XBmRNA20460|XBXL10_1g10880|GeneID:108709910|Xenbase:XB-GENE-17341386	AKLEAQIAEAEERGELALK	AK[+357.26]LEAQIAEAEERGELALK[+357.26]		1	4	3.033	1.94e-05	68152.06	38869.11	44621.29	32102.28	28686.7	25817.71	25900.34	20111.26	15249.2	6987.69	3668.35
krt7.S	RefSeq:XP_018105657.1|krt7.S|XBmRNA20460|XBXL10_1g10880|GeneID:108709910|Xenbase:XB-GENE-17341386	ALDMDSIIAEVK	ALDMDSIIAEVK[+357.26]		1	2	3.558	3.37e-07	20153.72	38217.52	48875.02	45060.57	53833.35	53466.77	54138.86	28060.84	20995.86	13879.39	5891.87
krt7.S	RefSeq:XP_018105657.1|krt7.S|XBmRNA20460|XBXL10_1g10880|GeneID:108709910|Xenbase:XB-GENE-17341386	EMQEQISDTSVVLSMDNNR	EMQEQISDTSVVLSMDNNR		3	2,3	5.173	2.2e-08	167977.02	410148.03	169875.03	179188.41	195681.0	228724.83	245004.78	166632.73	211710.72	164698.61	25214.78
krt7.S	RefSeq:XP_018105657.1|krt7.S|XBmRNA20460|XBXL10_1g10880|GeneID:108709910|Xenbase:XB-GENE-17341386	EMQEQISDTSVVLSMDNNR	EMQEQISDTSVVLSM[+147.04]DNNR		2	3	5.468	2.28e-11	68591.53	210748.88	266406.63	225916.15	206440.98	211428.53	224205.55	133884.79	134820.66	141804.96	27443.89
krt7.S	RefSeq:XP_018105657.1|krt7.S|XBmRNA20460|XBXL10_1g10880|GeneID:108709910|Xenbase:XB-GENE-17341386	EMQEQISDTSVVLSMDNNR	EM[+147.04]QEQISDTSVVLSMDNNR		1	2	3.454	1.48e-05	21146.53	46267.7	55171.51	53184.26	51237.02	50559.47	52537.8	38020.55	30679.56	40727.6	25664.46
krt7.S	RefSeq:XP_018105657.1|krt7.S|XBmRNA20460|XBXL10_1g10880|GeneID:108709910|Xenbase:XB-GENE-17341386	FQELQATAGQHGNDLR	FQELQATAGQHGNDLR		1	3	4.147	2.11e-08	3549.84	6203.03	5468.62	6775.46	11554.62	17658.12	23062.53	20132.71	17562.56	77008.67	47300.08
krt7.S	RefSeq:XP_018105657.1|krt7.S|XBmRNA20460|XBXL10_1g10880|GeneID:108709910|Xenbase:XB-GENE-17341386	SAVPNAGFSQMR	S[+79.97]AVPNAGFSQMR	S14	1	2	2.195	0.00064	401428.19	348371.12	476100.31	372616.38	260627.27	370287.06	292014.06	157628.75	185011.23	207406.73	11406.45
krt7.S	RefSeq:XP_018105657.1|krt7.S|XBmRNA20460|XBXL10_1g10880|GeneID:108709910|Xenbase:XB-GENE-17341386	SGANFSSSSLSNLGSVK	SGANFSSSS[+79.97]LSNLGSVK[+357.26]	S49	3	2	4.177	2.47e-09	1168.06	1452.85	4155.77	6760.6	20577.38	43740.38	62297.56	83766.8	75378.34	181486.66	37155.23
krt7.S	RefSeq:XP_018105657.1|krt7.S|XBmRNA20460|XBXL10_1g10880|GeneID:108709910|Xenbase:XB-GENE-17341386	SSSGGAGFGR	S[+79.97]SSGGAGFGR	S31	2	2	2.224	3.92e-05	31341.74	25820.45	39124.77	39752.33	42794.14	46882.72	47090.12	32796.57	30619.42	26810.88	18001.68
krt70.L	RefSeq:XP_041431450.1|krt70.L|XBmRNA73482|XBXL10_1g38933|GeneID:380402|Xenbase:XB-GENE-6253629	ARSVAGGASTVR	ARS[+79.97]VAGGASTVR	S27	2	3	2.223	0.000195	10969.26	13614.98	24510.08	14299.12	15613.49	15673.9	17703.27	20204.56	20252.4	11690.1	8350.26
krt70.L	RefSeq:NP_001080710.1|krt70.L|XBmRNA73483|XBXL10_1g38933|GeneID:380402|Xenbase:XB-GENE-6253629	ARSVAGGASTVR	ARS[+79.97]VAGGASTVR	S27	2	3	2.223	0.000195	10969.26	13614.98	24510.08	14299.12	15613.49	15673.9	17703.27	20204.56	20252.4	11690.1	8350.26
krt70.L	RefSeq:XP_041431450.1|krt70.L|XBmRNA73482|XBXL10_1g38933|GeneID:380402|Xenbase:XB-GENE-6253629	SVAGGASTVR	S[+79.97]VAGGASTVR	S27	1	2	1.954	0.000618	43521.28	125568.73	191756.47	213477.83	201898.09	218493.64	205631.14	106468.3	95522.02	47210.76	12896.49
krt70.L	RefSeq:NP_001080710.1|krt70.L|XBmRNA73483|XBXL10_1g38933|GeneID:380402|Xenbase:XB-GENE-6253629	SVAGGASTVR	S[+79.97]VAGGASTVR	S27	1	2	1.954	0.000618	43521.28	125568.73	191756.47	213477.83	201898.09	218493.64	205631.14	106468.3	95522.02	47210.76	12896.49
krt70.L	RefSeq:XP_041431450.1|krt70.L|XBmRNA73482|XBXL10_1g38933|GeneID:380402|Xenbase:XB-GENE-6253629	TRLEMEIATYRR	TRLEMEIATYRR		2	4	3.203	2.28e-05	45676.75	52933.77	62522.21	60694.83	69145.59	82519.95	85681.74	66604.58	66769.3	105283.19	87626.29
krt70.L	RefSeq:NP_001080710.1|krt70.L|XBmRNA73483|XBXL10_1g38933|GeneID:380402|Xenbase:XB-GENE-6253629	TRLEMEIATYRR	TRLEMEIATYRR		2	4	3.203	2.28e-05	45676.75	52933.77	62522.21	60694.83	69145.59	82519.95	85681.74	66604.58	66769.3	105283.19	87626.29
krt70.S	RefSeq:NP_001081288.1|krt70.S|XBmRNA79316|XBXL10_1g42188|GeneID:397756|Xenbase:XB-GENE-6252602	AAVGSLDYSGYYNTINLLR	AAVGSLDYSGYYNTINLLR		5	2,3	4.262	2.22e-08	10740.88	8129.85	20530.84	22453.3	26162.58	20555.7	23366.96	19816.93	17192.96	12112.69	11779.19
krt70.S	RefSeq:NP_001081288.1|krt70.S|XBmRNA79316|XBXL10_1g42188|GeneID:397756|Xenbase:XB-GENE-6252602	ARSVAGGASTVR	ARS[+79.97]VAGGASTVR	S27	2	3	2.223	0.000195	10969.26	13614.98	24510.08	14299.12	15613.49	15673.9	17703.27	20204.56	20252.4	11690.1	8350.26
krt70.S	RefSeq:NP_001081288.1|krt70.S|XBmRNA79316|XBXL10_1g42188|GeneID:397756|Xenbase:XB-GENE-6252602	FGVLASPGVNR	FGVLAS[+79.97]PGVNR	S19	1	3	2.396	0.000473	8762.55	14494.05	263807.47	18694.95	25297.76	14356.42	13421.35	13317.64	12546.56	10490.67	7273.9
krt70.S	RefSeq:NP_001081288.1|krt70.S|XBmRNA79316|XBXL10_1g42188|GeneID:397756|Xenbase:XB-GENE-6252602	SVAGGASTVR	S[+79.97]VAGGASTVR	S27	1	2	1.954	0.000618	43521.28	125568.73	191756.47	213477.83	201898.09	218493.64	205631.14	106468.3	95522.02	47210.76	12896.49
krt70.S	RefSeq:NP_001081288.1|krt70.S|XBmRNA79316|XBXL10_1g42188|GeneID:397756|Xenbase:XB-GENE-6252602	TRLEMEIATYRR	TRLEMEIATYRR		2	4	3.203	2.28e-05	45676.75	52933.77	62522.21	60694.83	69145.59	82519.95	85681.74	66604.58	66769.3	105283.19	87626.29
krt78.1.L	RefSeq:XP_018103081.1|krt78.1.L|XBmRNA15670|XBXL10_1g8290|GeneID:108708658|Xenbase:XB-GENE-6486952	LALDIEIATYRK	LALDIEIATYRK[+357.26]		1	3	3.439	3.22e-06	6594.81	6732.47	10124.62	8836.08	8522.59	8168.5	9967.16	6472.94	6320.5	5535.04	6315.8
krt8.2.L	RefSeq:XP_018091154.1|krt8.2.L|XBmRNA76146|XBXL10_1g40476|GeneID:108701266|Xenbase:XB-GENE-6487623	LALDIEIATYRK	LALDIEIATYRK[+357.26]		1	3	3.439	3.22e-06	6594.81	6732.47	10124.62	8836.08	8522.59	8168.5	9967.16	6472.94	6320.5	5535.04	6315.8
krt8.2.S	RefSeq:XP_041435167.1|krt8.2.S|XBmRNA81464|XBXL10_1g43330|GeneID:108702910|Xenbase:XB-GENE-17337195	LALDIEIATYRK	LALDIEIATYRK[+357.26]		1	3	3.439	3.22e-06	6594.81	6732.47	10124.62	8836.08	8522.59	8168.5	9967.16	6472.94	6320.5	5535.04	6315.8
krt8.2.S	RefSeq:XP_018094181.1|krt8.2.S|XBmRNA81465|XBXL10_1g43330|GeneID:108702910|Xenbase:XB-GENE-17337195	LALDIEIATYRK	LALDIEIATYRK[+357.26]		1	3	3.439	3.22e-06	6594.81	6732.47	10124.62	8836.08	8522.59	8168.5	9967.16	6472.94	6320.5	5535.04	6315.8
krt8.2.S	RefSeq:XP_018094179.1|krt8.2.S|XBmRNA81466|XBXL10_1g43330|GeneID:108702910|Xenbase:XB-GENE-17337195	LALDIEIATYRK	LALDIEIATYRK[+357.26]		1	3	3.439	3.22e-06	6594.81	6732.47	10124.62	8836.08	8522.59	8168.5	9967.16	6472.94	6320.5	5535.04	6315.8
krt8.1.L	RefSeq:XP_018103076.1|krt8.1.L|XBmRNA15660|XBXL10_1g8280|GeneID:108708656|Xenbase:XB-GENE-17339330	ANLEAQIAEAEERGELALK	ANLEAQIAEAEERGELALK[+357.26]		2	3	4.047	7.85e-06	158166.37	172769.65	293086.33	276611.42	299875.04	348094.04	378313.7	158847.43	174823.91	236331.72	112557.78
krt8.1.L	RefSeq:XP_018103076.1|krt8.1.L|XBmRNA15660|XBXL10_1g8280|GeneID:108708656|Xenbase:XB-GENE-17339330	ASTASFSLGSSYGGASR	ASTASFSLGSSYGGASR		1	3	2.672	9.45e-06	19113.9	26113.41	55609.4	82975.88	63634.95	111833.61	93697.6	19711.2	27534.61	36673.79	24595.29
krt8.1.L	RefSeq:XP_018103076.1|krt8.1.L|XBmRNA15660|XBXL10_1g8280|GeneID:108708656|Xenbase:XB-GENE-17339330	ASTASFSLGSSYGGASR	ASTASFSLGSS[+79.97]YGGASR	S46	1	3	3.215	1.29e-07	34858.55	55457.83	89708.02	62159.28	63424.02	60448.31	64565.03	84490.15	67901.58	97907.08	122630.2
krt8.1.L	RefSeq:XP_018103076.1|krt8.1.L|XBmRNA15660|XBXL10_1g8280|GeneID:108708656|Xenbase:XB-GENE-17339330	ASTASFSLGSSYGGASR	ASTASFSLGS[+79.97]SYGGASR	S45	1	3	3.144	6.41e-06	2935.87	8836.0	4667.72	5722.5	6323.63	7465.17	9291.36	6823.84	6580.52	8332.94	6132.41
krt8.1.L	RefSeq:XP_018103076.1|krt8.1.L|XBmRNA15660|XBXL10_1g8280|GeneID:108708656|Xenbase:XB-GENE-17339330	ASTASFSLGSSYGGASR	ASTASFS[+79.97]LGSSYGGASR	S42	1	3	3.141	2.13e-05	10782.25	12568.21	9429.69	19559.19	17204.0	19001.89	18296.43	19677.45	13518.82	4369.93	3094.49
krt8.1.L	RefSeq:XP_018103076.1|krt8.1.L|XBmRNA15660|XBXL10_1g8280|GeneID:108708656|Xenbase:XB-GENE-17339330	EMQSQISDTSVVLSMDNNR	EMQSQISDTSVVLSMDNNR		4	2,3	4.756	2.29e-07	29347.9	29156.96	38340.51	30399.89	33127.01	30511.45	33322.23	20753.87	17301.31	16901.16	7265.44
krt8.1.L	RefSeq:XP_018103076.1|krt8.1.L|XBmRNA15660|XBXL10_1g8280|GeneID:108708656|Xenbase:XB-GENE-17339330	LALDIEIATYRK	LALDIEIATYRK[+357.26]		1	3	3.439	3.22e-06	6594.81	6732.47	10124.62	8836.08	8522.59	8168.5	9967.16	6472.94	6320.5	5535.04	6315.8
krt8.1.L	RefSeq:XP_018103076.1|krt8.1.L|XBmRNA15660|XBXL10_1g8280|GeneID:108708656|Xenbase:XB-GENE-17339330	LLEGEESRLESGFQNLSIQTK	LLEGEESRLESGFQNLSIQTK[+357.26]		1	3	4.588	2.79e-07	20998.4	19056.77	21330.11	21745.17	22699.87	21833.61	25339.47	22896.06	22361.02	30493.88	24550.64
krt8.1.L	RefSeq:XP_018103076.1|krt8.1.L|XBmRNA15660|XBXL10_1g8280|GeneID:108708656|Xenbase:XB-GENE-17339330	MRLESELGNMQGLVEDFK	MRLESELGN[+115.03]MQGLVEDFK[+357.26]		1	3	3.194	0.000678	9287.14	17036.67	16615.23	15062.66	16858.32	24231.82	31984.66	16829.82	22171.8	16302.25	33739.9
krt8.1.L	RefSeq:XP_018103076.1|krt8.1.L|XBmRNA15660|XBXL10_1g8280|GeneID:108708656|Xenbase:XB-GENE-17339330	QLYEEELREMQSQISDTSVVLSMDNNR	QLYEEELREMQSQISDTSVVLSMDNNR		1	3	5.709	0.000181	3931.99	160120.67	7209.06	12365.97	2991.01	2160.74	2337.46	2306.95	1752.57	1849.24	2947.49
krt8.1.L	RefSeq:XP_018103076.1|krt8.1.L|XBmRNA15660|XBXL10_1g8280|GeneID:108708656|Xenbase:XB-GENE-17339330	SGFGGAGVGSAGITSVSVNQSLLAPLNLEIDPSIQQVR	SGFGGAGVGSAGITSVSVNQSLLAPLNLEIDPSIQQVR		1	4	5.589	1.65e-13	64703.69	76628.88	92960.41	90757.88	94098.52	99399.41	106487.89	80292.88	75581.57	112546.71	70337.44
krt8.1.L	RefSeq:XP_018103076.1|krt8.1.L|XBmRNA15660|XBXL10_1g8280|GeneID:108708656|Xenbase:XB-GENE-17339330	SGFGGAGVGSAGITSVSVNQSLLAPLNLEIDPSIQQVR	SGFGGAGVGSAGITSVSVNQSLLAPLN[+115.03]LEIDPSIQQVR		2	4	6.027	9.29e-12	3791.97	3856.67	4482.41	6595.21	8983.6	11630.71	16362.81	9445.92	9276.74	12321.51	5167.32
krt8.1.L	RefSeq:XP_018103076.1|krt8.1.L|XBmRNA15660|XBXL10_1g8280|GeneID:108708656|Xenbase:XB-GENE-17339330	SGGFSSFSYSGAPMASR	SGGFSSFS[+79.97]YSGAPMASR	S26	6	2,3	3.642	6.64e-09	33204.31	83686.3	79730.89	64980.28	65207.47	56175.88	59902.17	32985.67	28951.33	22730.41	8271.07
krt8.1.L	RefSeq:XP_018103076.1|krt8.1.L|XBmRNA15660|XBXL10_1g8280|GeneID:108708656|Xenbase:XB-GENE-17339330	SGGFSSFSYSGAPMASR	SGGFSSFS[+79.97]YSGAPM[+147.04]ASR	S26	3	3	4.353	1.51e-07	15158.84	21424.62	17142.58	24447.62	24710.85	25845.48	30681.55	32660.01	30312.81	20564.83	8755.66
krt8.1.L	RefSeq:XP_018103076.1|krt8.1.L|XBmRNA15660|XBXL10_1g8280|GeneID:108708656|Xenbase:XB-GENE-17339330	VLSESSDVFSKP	VLS[+79.97]ESSDVFSK[+357.26]P	S503	2	2	2.272	3.14e-05	8823.86	12971.5	25329.75	12495.58	13418.93	12942.8	13176.43	15464.98	16520.5	15893.04	7719.32
krt8.1.S	RefSeq:NP_001080525.1|krt8.1.S|XBmRNA20449|XBXL10_1g10869|GeneID:380217|Xenbase:XB-GENE-876943	ANLEAQIAEAEERGELALK	ANLEAQIAEAEERGELALK[+357.26]		2	3	4.047	7.85e-06	158166.37	172769.65	293086.33	276611.42	299875.04	348094.04	378313.7	158847.43	174823.91	236331.72	112557.78
krt8.1.S	RefSeq:NP_001080525.1|krt8.1.S|XBmRNA20449|XBXL10_1g10869|GeneID:380217|Xenbase:XB-GENE-876943	ASSASFSLGSSYGGASR	ASSASFSLGS[+79.97]SYGGASR	S45	1	3	2.674	0.000226	1457.97	5948.94	7971.14	12674.62	14655.28	14315.26	17045.19	23736.93	23420.75	22637.89	11647.5
krt8.1.S	RefSeq:NP_001080525.1|krt8.1.S|XBmRNA20449|XBXL10_1g10869|GeneID:380217|Xenbase:XB-GENE-876943	ASSASFSLGSSYGGASR	ASS[+79.97]ASFSLGSSYGGASR	S38	1	3	2.673	2.74e-06	6423.65	13435.13	7333.41	26654.85	29318.52	25451.9	42781.28	39748.55	43902.82	31840.83	9948.79
krt8.1.S	RefSeq:NP_001080525.1|krt8.1.S|XBmRNA20449|XBXL10_1g10869|GeneID:380217|Xenbase:XB-GENE-876943	EMQSQISDTSVVLSMDNNR	EMQSQISDTSVVLSMDNNR		4	2,3	4.756	2.29e-07	29347.9	29156.96	38340.51	30399.89	33127.01	30511.45	33322.23	20753.87	17301.31	16901.16	7265.44
krt8.1.S	RefSeq:NP_001080525.1|krt8.1.S|XBmRNA20449|XBXL10_1g10869|GeneID:380217|Xenbase:XB-GENE-876943	LALDIEIATYRK	LALDIEIATYRK[+357.26]		1	3	3.439	3.22e-06	6594.81	6732.47	10124.62	8836.08	8522.59	8168.5	9967.16	6472.94	6320.5	5535.04	6315.8
krt8.1.S	RefSeq:NP_001080525.1|krt8.1.S|XBmRNA20449|XBXL10_1g10869|GeneID:380217|Xenbase:XB-GENE-876943	LLEGEESRLESGFQNLSIQTK	LLEGEESRLESGFQNLSIQTK[+357.26]		1	3	4.588	2.79e-07	20998.4	19056.77	21330.11	21745.17	22699.87	21833.61	25339.47	22896.06	22361.02	30493.88	24550.64
krt8.1.S	RefSeq:NP_001080525.1|krt8.1.S|XBmRNA20449|XBXL10_1g10869|GeneID:380217|Xenbase:XB-GENE-876943	MRLESELGNMQGLVEDFK	MRLESELGN[+115.03]MQGLVEDFK[+357.26]		1	3	3.194	0.000678	9287.14	17036.67	16615.23	15062.66	16858.32	24231.82	31984.66	16829.82	22171.8	16302.25	33739.9
krt8.1.S	RefSeq:NP_001080525.1|krt8.1.S|XBmRNA20449|XBXL10_1g10869|GeneID:380217|Xenbase:XB-GENE-876943	QLYEEELREMQSQISDTSVVLSMDNNR	QLYEEELREMQSQISDTSVVLSMDNNR		1	3	5.709	0.000181	3931.99	160120.67	7209.06	12365.97	2991.01	2160.74	2337.46	2306.95	1752.57	1849.24	2947.49
krt8.1.S	RefSeq:NP_001080525.1|krt8.1.S|XBmRNA20449|XBXL10_1g10869|GeneID:380217|Xenbase:XB-GENE-876943	SGFGGAGVGSAGITSVSVNQSLLAPLNLEIDPSIQQVR	SGFGGAGVGSAGITSVSVNQSLLAPLNLEIDPSIQQVR		1	4	5.589	1.65e-13	64703.69	76628.88	92960.41	90757.88	94098.52	99399.41	106487.89	80292.88	75581.57	112546.71	70337.44
krt8.1.S	RefSeq:NP_001080525.1|krt8.1.S|XBmRNA20449|XBXL10_1g10869|GeneID:380217|Xenbase:XB-GENE-876943	SGFGGAGVGSAGITSVSVNQSLLAPLNLEIDPSIQQVR	SGFGGAGVGSAGITSVSVNQSLLAPLN[+115.03]LEIDPSIQQVR		2	4	6.027	9.29e-12	3791.97	3856.67	4482.41	6595.21	8983.6	11630.71	16362.81	9445.92	9276.74	12321.51	5167.32
krt8.1.S	RefSeq:NP_001080525.1|krt8.1.S|XBmRNA20449|XBXL10_1g10869|GeneID:380217|Xenbase:XB-GENE-876943	SGGFSSFSYSGAPMASR	SGGFSSFS[+79.97]YSGAPMASR	S26	6	2,3	3.642	6.64e-09	33204.31	83686.3	79730.89	64980.28	65207.47	56175.88	59902.17	32985.67	28951.33	22730.41	8271.07
krt8.1.S	RefSeq:NP_001080525.1|krt8.1.S|XBmRNA20449|XBXL10_1g10869|GeneID:380217|Xenbase:XB-GENE-876943	SGGFSSFSYSGAPMASR	SGGFSSFS[+79.97]YSGAPM[+147.04]ASR	S26	3	3	4.353	1.51e-07	15158.84	21424.62	17142.58	24447.62	24710.85	25845.48	30681.55	32660.01	30312.81	20564.83	8755.66
krt8.1.S	RefSeq:NP_001080525.1|krt8.1.S|XBmRNA20449|XBXL10_1g10869|GeneID:380217|Xenbase:XB-GENE-876943	VLSESSDVFSKP	VLS[+79.97]ESSDVFSK[+357.26]P	S498	2	2	2.272	3.14e-05	8823.86	12971.5	25329.75	12495.58	13418.93	12942.8	13176.43	15464.98	16520.5	15893.04	7719.32
